id,title,description,publishedAt,tags,categoryId,defaultLanguage,defaultAudioLanguage,thumbnail_default,thumbnail_high,duration,viewCount,likeCount,commentCount,privacyStatus,channel_id,channel_title,channel_description,channel_country,channel_thumbnail,channel_subscriberCount,channel_videoCount
bfeb6AS7efA,Porsche Cayenne EV has 1100HP and Wireless Charging!,"The 2026 Porsche Cayenne Electric Turbo is packing a wallop of tech and performance features. 

Shot on iPhone 17 Pro Max
Rode Wireless Micro: https://geni.us/FBnQh",2025-11-19T14:15:04Z,,2,en,en,https://i.ytimg.com/vi/bfeb6AS7efA/default.jpg,https://i.ytimg.com/vi/bfeb6AS7efA/hqdefault.jpg,PT25M19S,474117,16975,1431,public,UC2J-0g_nxlwcD9JBK1eTleQ,Auto Focus,Car videos from MKBHD!,,https://yt3.ggpht.com/hUes3DegxJOavHd_NNUcI4-1jAGDlqPjPqxJzfr27t5SZ3KnLtgbVF0VfK2FtVlldTtI-YEIWA=s88-c-k-c0x00ffffff-no-rj,1180000,117
NzCJGD3XMm4,The Jeep Wagoneer S EV is Scary... (Not in a Good way),"Some engineers cooked... some didn't..

Shot on iPhone 17 Pro Max
Rode Wireless Micro: https://geni.us/FBnQh",2025-11-10T21:20:23Z,,2,en,en,https://i.ytimg.com/vi/NzCJGD3XMm4/default.jpg,https://i.ytimg.com/vi/NzCJGD3XMm4/hqdefault.jpg,PT12M52S,806808,22634,2371,public,UC2J-0g_nxlwcD9JBK1eTleQ,Auto Focus,Car videos from MKBHD!,,https://yt3.ggpht.com/hUes3DegxJOavHd_NNUcI4-1jAGDlqPjPqxJzfr27t5SZ3KnLtgbVF0VfK2FtVlldTtI-YEIWA=s88-c-k-c0x00ffffff-no-rj,1180000,117
sI4y8jDO6kc,The 992.2 Porsche 911 Turbo S is Crazy.,"Might be time to upgrade....

Shot on iPhone 17 Pro Max
Rode Wireless Micro: https://geni.us/FBnQh",2025-10-27T23:03:22Z,,2,en,en,https://i.ytimg.com/vi/sI4y8jDO6kc/default.jpg,https://i.ytimg.com/vi/sI4y8jDO6kc/hqdefault.jpg,PT17M12S,667609,28998,1216,public,UC2J-0g_nxlwcD9JBK1eTleQ,Auto Focus,Car videos from MKBHD!,,https://yt3.ggpht.com/hUes3DegxJOavHd_NNUcI4-1jAGDlqPjPqxJzfr27t5SZ3KnLtgbVF0VfK2FtVlldTtI-YEIWA=s88-c-k-c0x00ffffff-no-rj,1180000,117
2OvyyVxQjuI,"The Weirdest ""Car"" I've Ever Driven","The Aptera EV is finally real??

Shot on iPhone 17 Pro Max
Rode Wireless Micro: https://geni.us/FBnQh",2025-10-21T16:51:12Z,,2,en,en,https://i.ytimg.com/vi/2OvyyVxQjuI/default.jpg,https://i.ytimg.com/vi/2OvyyVxQjuI/hqdefault.jpg,PT28M50S,862015,28787,5438,public,UC2J-0g_nxlwcD9JBK1eTleQ,Auto Focus,Car videos from MKBHD!,,https://yt3.ggpht.com/hUes3DegxJOavHd_NNUcI4-1jAGDlqPjPqxJzfr27t5SZ3KnLtgbVF0VfK2FtVlldTtI-YEIWA=s88-c-k-c0x00ffffff-no-rj,1180000,117
GUFPw25D0XM,The Glow Up is Crazy,"The new Kia EV6 has a lot going for it!

Shot on iPhone 17 Pro Max
Rode Wireless Micro: https://geni.us/FBnQh",2025-10-10T17:10:32Z,,2,en,en,https://i.ytimg.com/vi/GUFPw25D0XM/default.jpg,https://i.ytimg.com/vi/GUFPw25D0XM/hqdefault.jpg,PT1M13S,497792,20290,437,public,UC2J-0g_nxlwcD9JBK1eTleQ,Auto Focus,Car videos from MKBHD!,,https://yt3.ggpht.com/hUes3DegxJOavHd_NNUcI4-1jAGDlqPjPqxJzfr27t5SZ3KnLtgbVF0VfK2FtVlldTtI-YEIWA=s88-c-k-c0x00ffffff-no-rj,1180000,117
llRut0MpjfU,The Best Alternatives to Every Tesla,"My alternative EVs for Tesla Model 3, Model Y, Model S, Model X and Cybertruck.

Shot on iPhone 17 Pro Max
Rode Wireless Micro: https://geni.us/FBnQh",2025-10-08T20:45:16Z,,2,en,en,https://i.ytimg.com/vi/llRut0MpjfU/default.jpg,https://i.ytimg.com/vi/llRut0MpjfU/hqdefault.jpg,PT16M1S,1143312,31354,3166,public,UC2J-0g_nxlwcD9JBK1eTleQ,Auto Focus,Car videos from MKBHD!,,https://yt3.ggpht.com/hUes3DegxJOavHd_NNUcI4-1jAGDlqPjPqxJzfr27t5SZ3KnLtgbVF0VfK2FtVlldTtI-YEIWA=s88-c-k-c0x00ffffff-no-rj,1180000,117
n_wbyAf0Sfs,Mercedes G-Wagen EV - Terrible Specs But That's Not the Point,"The Mercedes G580 with EQ Technology does a 360 with the G-Wagen formula.

Shot on iPhone 17 Pro Max
Rode Wireless Micro: https://geni.us/FBnQh",2025-10-03T16:05:08Z,,2,en,en,https://i.ytimg.com/vi/n_wbyAf0Sfs/default.jpg,https://i.ytimg.com/vi/n_wbyAf0Sfs/hqdefault.jpg,PT12M47S,655419,17731,948,public,UC2J-0g_nxlwcD9JBK1eTleQ,Auto Focus,Car videos from MKBHD!,,https://yt3.ggpht.com/hUes3DegxJOavHd_NNUcI4-1jAGDlqPjPqxJzfr27t5SZ3KnLtgbVF0VfK2FtVlldTtI-YEIWA=s88-c-k-c0x00ffffff-no-rj,1180000,117
U5P5WgYhz9Q,Lucid Gravity Review - Will this save Lucid?,"Get 10% off the Insta360 X5 at https://geni.us/PAtFF. The previous promo is has finished!

Lucid Gravity proves that EV brands can do amazing things if you're willing to sacrifice profit.

Shot on Pixel 10 Pro, iPhone 16 Pro Max and Insta360 X5
Rode Wireless Micro: https://geni.us/FBnQh",2025-09-03T16:02:01Z,,2,en,en,https://i.ytimg.com/vi/U5P5WgYhz9Q/default.jpg,https://i.ytimg.com/vi/U5P5WgYhz9Q/hqdefault.jpg,PT22M12S,735182,23239,2846,public,UC2J-0g_nxlwcD9JBK1eTleQ,Auto Focus,Car videos from MKBHD!,,https://yt3.ggpht.com/hUes3DegxJOavHd_NNUcI4-1jAGDlqPjPqxJzfr27t5SZ3KnLtgbVF0VfK2FtVlldTtI-YEIWA=s88-c-k-c0x00ffffff-no-rj,1180000,117
LvTo1PSlDkc,A Practical Race Car?,"Shot on iPhone 16 Pro Max
Rode Wireless Micro: https://geni.us/FBnQh",2025-08-26T16:10:18Z,,2,en,en,https://i.ytimg.com/vi/LvTo1PSlDkc/default.jpg,https://i.ytimg.com/vi/LvTo1PSlDkc/hqdefault.jpg,PT1M4S,738885,27571,533,public,UC2J-0g_nxlwcD9JBK1eTleQ,Auto Focus,Car videos from MKBHD!,,https://yt3.ggpht.com/hUes3DegxJOavHd_NNUcI4-1jAGDlqPjPqxJzfr27t5SZ3KnLtgbVF0VfK2FtVlldTtI-YEIWA=s88-c-k-c0x00ffffff-no-rj,1180000,117
HcvF3XFlHeM,CarPlay Ultra Review - The Closest thing to an Apple Car!,"If you've got a newer iPhone and an Aston Martin, you're in luck.

Shot on iPhone 16 Pro Max
Rode Wireless Micro: https://geni.us/FBnQh",2025-08-08T22:51:59Z,,2,en,en,https://i.ytimg.com/vi/HcvF3XFlHeM/default.jpg,https://i.ytimg.com/vi/HcvF3XFlHeM/hqdefault.jpg,PT9M38S,1223360,29742,2061,public,UC2J-0g_nxlwcD9JBK1eTleQ,Auto Focus,Car videos from MKBHD!,,https://yt3.ggpht.com/hUes3DegxJOavHd_NNUcI4-1jAGDlqPjPqxJzfr27t5SZ3KnLtgbVF0VfK2FtVlldTtI-YEIWA=s88-c-k-c0x00ffffff-no-rj,1180000,117
xvnYl9yyxY8,Cadillac Celestiq - A Rolls Royce Killer?,"The Cadillac Celestiq is $350k and is pulling out all the stops. 

Shot on iPhone 16 Pro Max
Rode Wireless Micro: https://geni.us/FBnQh",2025-07-31T18:49:01Z,,2,en,en,https://i.ytimg.com/vi/xvnYl9yyxY8/default.jpg,https://i.ytimg.com/vi/xvnYl9yyxY8/hqdefault.jpg,PT15M29S,663955,17018,2116,public,UC2J-0g_nxlwcD9JBK1eTleQ,Auto Focus,Car videos from MKBHD!,,https://yt3.ggpht.com/hUes3DegxJOavHd_NNUcI4-1jAGDlqPjPqxJzfr27t5SZ3KnLtgbVF0VfK2FtVlldTtI-YEIWA=s88-c-k-c0x00ffffff-no-rj,1180000,117
2E4neC3OBtg,The Escalade IQ *actually* has 500 Miles of Range!,"The Cadillac Escalade IQ is a living room on wheels with the range to match.

Escalade IQ Edmunds Range Test - https://www.edmunds.com/car-news/2025-cadillac-escalade-iq-range-tested.html

Shot on iPhone 16 Pro Max
Rode Wireless Micro: https://geni.us/FBnQh",2025-07-22T17:08:30Z,,2,en,en,https://i.ytimg.com/vi/2E4neC3OBtg/default.jpg,https://i.ytimg.com/vi/2E4neC3OBtg/hqdefault.jpg,PT14M12S,657547,19367,1811,public,UC2J-0g_nxlwcD9JBK1eTleQ,Auto Focus,Car videos from MKBHD!,,https://yt3.ggpht.com/hUes3DegxJOavHd_NNUcI4-1jAGDlqPjPqxJzfr27t5SZ3KnLtgbVF0VfK2FtVlldTtI-YEIWA=s88-c-k-c0x00ffffff-no-rj,1180000,117
SzQQMElyhzo,Rivians FINALLY Have This Feature!,"Shot on iPhone 16 Pro Max
Rode Wireless Micro: https://geni.us/FBnQh",2025-07-08T19:32:34Z,,2,en,en,https://i.ytimg.com/vi/SzQQMElyhzo/default.jpg,https://i.ytimg.com/vi/SzQQMElyhzo/hqdefault.jpg,PT1M23S,220614,8423,196,public,UC2J-0g_nxlwcD9JBK1eTleQ,Auto Focus,Car videos from MKBHD!,,https://yt3.ggpht.com/hUes3DegxJOavHd_NNUcI4-1jAGDlqPjPqxJzfr27t5SZ3KnLtgbVF0VfK2FtVlldTtI-YEIWA=s88-c-k-c0x00ffffff-no-rj,1180000,117
LckcXDqLtVA,Rivian R1T Quad Gen 2  - The Perfect Upgrade?,"The Rivian R1T Gen-2 Quad Motor is a Beast!

Shot on iPhone 16 Pro Max
Rode Wireless Micro: https://geni.us/FBnQh",2025-07-08T13:59:50Z,,2,en,en,https://i.ytimg.com/vi/LckcXDqLtVA/default.jpg,https://i.ytimg.com/vi/LckcXDqLtVA/hqdefault.jpg,PT19M48S,530922,16814,972,public,UC2J-0g_nxlwcD9JBK1eTleQ,Auto Focus,Car videos from MKBHD!,,https://yt3.ggpht.com/hUes3DegxJOavHd_NNUcI4-1jAGDlqPjPqxJzfr27t5SZ3KnLtgbVF0VfK2FtVlldTtI-YEIWA=s88-c-k-c0x00ffffff-no-rj,1180000,117
wDzi0-S9Bpo,My Next Daily Driver? - 911 GTS T-Hybrid,"The Porsche 911 992.2 GTS is a Hybrid! But barely...

Shot on iPhone 16 Pro Max
Rode Wireless Micro: https://geni.us/FBnQh",2025-06-30T15:30:30Z,,2,en,en,https://i.ytimg.com/vi/wDzi0-S9Bpo/default.jpg,https://i.ytimg.com/vi/wDzi0-S9Bpo/hqdefault.jpg,PT8M53S,677293,20836,1002,public,UC2J-0g_nxlwcD9JBK1eTleQ,Auto Focus,Car videos from MKBHD!,,https://yt3.ggpht.com/hUes3DegxJOavHd_NNUcI4-1jAGDlqPjPqxJzfr27t5SZ3KnLtgbVF0VfK2FtVlldTtI-YEIWA=s88-c-k-c0x00ffffff-no-rj,1180000,117
5CIJ_zk7DR4,Hyundai Ioniq 9 - A Killer 3-Row with NACS!,"Maybe the best ""value"" electric 3-row under $80k....

Hyundai Ioniq 9: https://geni.us/gnglv

Shot on iPhone 16 Pro Max
Rode Wireless Micro: https://geni.us/FBnQh",2025-06-24T15:28:59Z,,2,en,en,https://i.ytimg.com/vi/5CIJ_zk7DR4/default.jpg,https://i.ytimg.com/vi/5CIJ_zk7DR4/hqdefault.jpg,PT14M44S,841077,17893,1671,public,UC2J-0g_nxlwcD9JBK1eTleQ,Auto Focus,Car videos from MKBHD!,,https://yt3.ggpht.com/hUes3DegxJOavHd_NNUcI4-1jAGDlqPjPqxJzfr27t5SZ3KnLtgbVF0VfK2FtVlldTtI-YEIWA=s88-c-k-c0x00ffffff-no-rj,1180000,117
FVSH4dedp5U,Lamborghini Urus SE has more Drives Modes than MPG.,"Shot on iPhone 16 Pro Max
Rode Wireless Micro: https://geni.us/FBnQh",2025-06-12T21:43:50Z,,2,en,en,https://i.ytimg.com/vi/FVSH4dedp5U/default.jpg,https://i.ytimg.com/vi/FVSH4dedp5U/hqdefault.jpg,PT1M14S,331785,13871,202,public,UC2J-0g_nxlwcD9JBK1eTleQ,Auto Focus,Car videos from MKBHD!,,https://yt3.ggpht.com/hUes3DegxJOavHd_NNUcI4-1jAGDlqPjPqxJzfr27t5SZ3KnLtgbVF0VfK2FtVlldTtI-YEIWA=s88-c-k-c0x00ffffff-no-rj,1180000,117
j0HzOAsVBqU,I Still Love the Ugliest BMW,"Shot on iPhone 16 Pro Max
Rode Wireless Micro: https://geni.us/FBnQh",2025-06-06T23:08:04Z,,2,en,en,https://i.ytimg.com/vi/j0HzOAsVBqU/default.jpg,https://i.ytimg.com/vi/j0HzOAsVBqU/hqdefault.jpg,PT1M17S,618582,14812,628,public,UC2J-0g_nxlwcD9JBK1eTleQ,Auto Focus,Car videos from MKBHD!,,https://yt3.ggpht.com/hUes3DegxJOavHd_NNUcI4-1jAGDlqPjPqxJzfr27t5SZ3KnLtgbVF0VfK2FtVlldTtI-YEIWA=s88-c-k-c0x00ffffff-no-rj,1180000,117
4p1f3KA_O2o,Cadillac Optiq - Loads of Luxury with a Huge Asterisk!,"The Cadillac Optiq does the whole luxury thing pretty well!

Shot on iPhone 16 Pro Max
Rode Wireless Micro: https://geni.us/FBnQh",2025-05-20T20:18:14Z,,2,en,en,https://i.ytimg.com/vi/4p1f3KA_O2o/default.jpg,https://i.ytimg.com/vi/4p1f3KA_O2o/hqdefault.jpg,PT10M7S,377165,11892,865,public,UC2J-0g_nxlwcD9JBK1eTleQ,Auto Focus,Car videos from MKBHD!,,https://yt3.ggpht.com/hUes3DegxJOavHd_NNUcI4-1jAGDlqPjPqxJzfr27t5SZ3KnLtgbVF0VfK2FtVlldTtI-YEIWA=s88-c-k-c0x00ffffff-no-rj,1180000,117
vXSd4OYyksc,The Electric MINI Maxes out on Quirks!,"The MINI Countryman SE has some interesting quir.....

Shot on iPhone 16 Pro Max
Rode Wireless Micro: https://geni.us/FBnQh",2025-05-15T21:03:43Z,,2,en,en,https://i.ytimg.com/vi/vXSd4OYyksc/default.jpg,https://i.ytimg.com/vi/vXSd4OYyksc/hqdefault.jpg,PT13M31S,449119,13702,934,public,UC2J-0g_nxlwcD9JBK1eTleQ,Auto Focus,Car videos from MKBHD!,,https://yt3.ggpht.com/hUes3DegxJOavHd_NNUcI4-1jAGDlqPjPqxJzfr27t5SZ3KnLtgbVF0VfK2FtVlldTtI-YEIWA=s88-c-k-c0x00ffffff-no-rj,1180000,117
iwyyJwJQgGI,Hybrids aren't always the answer?,"The V8-version of the Lexus LC500 is better than the Hybrid in more ways than one.

Shot on iPhone 16 Pro Max
Rode Wireless Micro: https://geni.us/FBnQh",2025-05-05T19:08:40Z,,2,en,en,https://i.ytimg.com/vi/iwyyJwJQgGI/default.jpg,https://i.ytimg.com/vi/iwyyJwJQgGI/hqdefault.jpg,PT1M,527384,27628,446,public,UC2J-0g_nxlwcD9JBK1eTleQ,Auto Focus,Car videos from MKBHD!,,https://yt3.ggpht.com/hUes3DegxJOavHd_NNUcI4-1jAGDlqPjPqxJzfr27t5SZ3KnLtgbVF0VfK2FtVlldTtI-YEIWA=s88-c-k-c0x00ffffff-no-rj,1180000,117
2TBWVwTn9WM,You could wait for the Rivian R3X or...,"Volvo is back with another sleeper hit in the form of the EX30.

Shot on iPhone 16 Pro Max
Rode Wireless Micro: https://geni.us/FBnQh",2025-05-02T19:39:53Z,,2,en,en,https://i.ytimg.com/vi/2TBWVwTn9WM/default.jpg,https://i.ytimg.com/vi/2TBWVwTn9WM/hqdefault.jpg,PT14M24S,753444,18991,2085,public,UC2J-0g_nxlwcD9JBK1eTleQ,Auto Focus,Car videos from MKBHD!,,https://yt3.ggpht.com/hUes3DegxJOavHd_NNUcI4-1jAGDlqPjPqxJzfr27t5SZ3KnLtgbVF0VfK2FtVlldTtI-YEIWA=s88-c-k-c0x00ffffff-no-rj,1180000,117
TvjeY9RCR2U,Mercedes EVs are getting BIG Updates!,The new Mercedes-Benz CLA EV is bringing some promising updates...,2025-04-22T19:06:52Z,,2,en,en,https://i.ytimg.com/vi/TvjeY9RCR2U/default.jpg,https://i.ytimg.com/vi/TvjeY9RCR2U/hqdefault.jpg,PT55S,1106285,28431,793,public,UC2J-0g_nxlwcD9JBK1eTleQ,Auto Focus,Car videos from MKBHD!,,https://yt3.ggpht.com/hUes3DegxJOavHd_NNUcI4-1jAGDlqPjPqxJzfr27t5SZ3KnLtgbVF0VfK2FtVlldTtI-YEIWA=s88-c-k-c0x00ffffff-no-rj,1180000,117
990N9TgwB4Y,The Cheapest 600HP EV...,"A review of the Chevy Blazer EV SS. The SS should stand for Sensible Sport...

Shot on Oppo Find X8 Ultra & iPhone 16 Pro Max
Rode Wireless Micro: https://geni.us/FBnQh",2025-04-22T13:00:14Z,,2,en,en,https://i.ytimg.com/vi/990N9TgwB4Y/default.jpg,https://i.ytimg.com/vi/990N9TgwB4Y/hqdefault.jpg,PT9M33S,418998,13606,1465,public,UC2J-0g_nxlwcD9JBK1eTleQ,Auto Focus,Car videos from MKBHD!,,https://yt3.ggpht.com/hUes3DegxJOavHd_NNUcI4-1jAGDlqPjPqxJzfr27t5SZ3KnLtgbVF0VfK2FtVlldTtI-YEIWA=s88-c-k-c0x00ffffff-no-rj,1180000,117
YiSjEU0RImU,The Weirdest Automatic Transmission...,"Shot on iPhone 16 Pro Max
Rode Wireless Micro: https://geni.us/FBnQh",2025-04-09T18:00:33Z,,2,en,en,https://i.ytimg.com/vi/YiSjEU0RImU/default.jpg,https://i.ytimg.com/vi/YiSjEU0RImU/hqdefault.jpg,PT43S,594189,9689,390,public,UC2J-0g_nxlwcD9JBK1eTleQ,Auto Focus,Car videos from MKBHD!,,https://yt3.ggpht.com/hUes3DegxJOavHd_NNUcI4-1jAGDlqPjPqxJzfr27t5SZ3KnLtgbVF0VfK2FtVlldTtI-YEIWA=s88-c-k-c0x00ffffff-no-rj,1180000,117
62SkmzQ85Ks,Polestar 1: The Most Interesting Car in the World,"Thanks Denvix for sponsoring this video! Get a new portable tire inflator and battery bank at:  Amazon store: https://bit.ly/4jozexA
Denvix website: use code MARQUES30 for a $30 discount https://bit.ly/4ckoWfv

Thanks to owner for providing this Polestar 1 for review.

If you want buy THIS Polestar 1: https://jsautohaus.com/inventory/Used-2021-Polestar-1-Base-LPSBE0YL0MB001127

Shot on iPhone 16 Pro Max
Rode Wireless Micro: https://geni.us/FBnQh",2025-04-08T15:31:58Z,,2,en,en,https://i.ytimg.com/vi/62SkmzQ85Ks/default.jpg,https://i.ytimg.com/vi/62SkmzQ85Ks/hqdefault.jpg,PT14M2S,1041089,27682,2147,public,UC2J-0g_nxlwcD9JBK1eTleQ,Auto Focus,Car videos from MKBHD!,,https://yt3.ggpht.com/hUes3DegxJOavHd_NNUcI4-1jAGDlqPjPqxJzfr27t5SZ3KnLtgbVF0VfK2FtVlldTtI-YEIWA=s88-c-k-c0x00ffffff-no-rj,1180000,117
DL8lzJDOyzo,This Car is also a Boat (Literally),"The Sherp N is WILD.

Shot on iPhone 16 Pro Max
Rode Wireless Micro: https://geni.us/FBnQh",2025-04-02T19:43:01Z,,2,en,en,https://i.ytimg.com/vi/DL8lzJDOyzo/default.jpg,https://i.ytimg.com/vi/DL8lzJDOyzo/hqdefault.jpg,PT1M,2885736,51610,566,public,UC2J-0g_nxlwcD9JBK1eTleQ,Auto Focus,Car videos from MKBHD!,,https://yt3.ggpht.com/hUes3DegxJOavHd_NNUcI4-1jAGDlqPjPqxJzfr27t5SZ3KnLtgbVF0VfK2FtVlldTtI-YEIWA=s88-c-k-c0x00ffffff-no-rj,1180000,117
Pg8Yi6x2Pwk,"Volvo EX90 - Rolls Royce Luxury, Model X Price!","The Volvo EX90 is a luxury sleeper hit!

Shot on iPhone 16 Pro Max
Rode Wireless Micro: https://geni.us/FBnQh",2025-03-31T17:53:31Z,,2,en,en,https://i.ytimg.com/vi/Pg8Yi6x2Pwk/default.jpg,https://i.ytimg.com/vi/Pg8Yi6x2Pwk/hqdefault.jpg,PT12M9S,2021962,45257,3043,public,UC2J-0g_nxlwcD9JBK1eTleQ,Auto Focus,Car videos from MKBHD!,,https://yt3.ggpht.com/hUes3DegxJOavHd_NNUcI4-1jAGDlqPjPqxJzfr27t5SZ3KnLtgbVF0VfK2FtVlldTtI-YEIWA=s88-c-k-c0x00ffffff-no-rj,1180000,117
Az6nemkRB1Y,Reviewing my First Car: Toyota Camry Hybrid!,"My first car has come a lonnnggg way.

Shot on iPhone 16 Pro Max
Rode Wireless Micro: https://geni.us/FBnQh",2025-03-19T14:34:36Z,,2,en,en,https://i.ytimg.com/vi/Az6nemkRB1Y/default.jpg,https://i.ytimg.com/vi/Az6nemkRB1Y/hqdefault.jpg,PT11M20S,1209114,31821,1950,public,UC2J-0g_nxlwcD9JBK1eTleQ,Auto Focus,Car videos from MKBHD!,,https://yt3.ggpht.com/hUes3DegxJOavHd_NNUcI4-1jAGDlqPjPqxJzfr27t5SZ3KnLtgbVF0VfK2FtVlldTtI-YEIWA=s88-c-k-c0x00ffffff-no-rj,1180000,117
no5X9k23xzQ,Dodge Charger Daytona EV is a Fratzonic Flop,"Not exactly the quietest EV...

Shot on iPhone 16 Pro Max
Rode Wireless Micro: https://geni.us/FBnQh",2025-03-11T17:45:17Z,,2,en,en,https://i.ytimg.com/vi/no5X9k23xzQ/default.jpg,https://i.ytimg.com/vi/no5X9k23xzQ/hqdefault.jpg,PT14M2S,1484648,39978,8178,public,UC2J-0g_nxlwcD9JBK1eTleQ,Auto Focus,Car videos from MKBHD!,,https://yt3.ggpht.com/hUes3DegxJOavHd_NNUcI4-1jAGDlqPjPqxJzfr27t5SZ3KnLtgbVF0VfK2FtVlldTtI-YEIWA=s88-c-k-c0x00ffffff-no-rj,1180000,117
Xe_Hfxk-iTM,Reviewing my Daily Driver | 911 Turbo S,"The 15,000-mile review of my Porsche 911 Turbo S

My Dashcam: https://amzn.to/43jAxJe

Shot on iPhone 16 Pro Max
Rode Wireless Micro: https://geni.us/FBnQh",2025-03-05T21:20:13Z,,2,en,en,https://i.ytimg.com/vi/Xe_Hfxk-iTM/default.jpg,https://i.ytimg.com/vi/Xe_Hfxk-iTM/hqdefault.jpg,PT16M37S,1806350,58392,3441,public,UC2J-0g_nxlwcD9JBK1eTleQ,Auto Focus,Car videos from MKBHD!,,https://yt3.ggpht.com/hUes3DegxJOavHd_NNUcI4-1jAGDlqPjPqxJzfr27t5SZ3KnLtgbVF0VfK2FtVlldTtI-YEIWA=s88-c-k-c0x00ffffff-no-rj,1180000,117
frPvUIchc9s,Rivian Gen 2 Refresh - It's the Little Things,"Rivian does the mid-cycle refresh thing pretty well.

Shot on iPhone 16 Pro Max
Hollyland Lark M2 Wireless Microphone: https://geni.us/jfBMTG",2025-02-14T18:39:10Z,,2,en,en,https://i.ytimg.com/vi/frPvUIchc9s/default.jpg,https://i.ytimg.com/vi/frPvUIchc9s/hqdefault.jpg,PT14M32S,859369,24429,1191,public,UC2J-0g_nxlwcD9JBK1eTleQ,Auto Focus,Car videos from MKBHD!,,https://yt3.ggpht.com/hUes3DegxJOavHd_NNUcI4-1jAGDlqPjPqxJzfr27t5SZ3KnLtgbVF0VfK2FtVlldTtI-YEIWA=s88-c-k-c0x00ffffff-no-rj,1180000,117
1WeyqcSW4pc,This Car will hand you your Seatbelt,"The Bentley Continental GT Hybrid might cost more than a house. But it also might be peak luxury car.

Shot on iPhone 16 Pro Max
Rode Wireless Micro: https://geni.us/FBnQh",2025-02-11T17:54:50Z,,2,en,en,https://i.ytimg.com/vi/1WeyqcSW4pc/default.jpg,https://i.ytimg.com/vi/1WeyqcSW4pc/hqdefault.jpg,PT51S,87291,3552,66,public,UC2J-0g_nxlwcD9JBK1eTleQ,Auto Focus,Car videos from MKBHD!,,https://yt3.ggpht.com/hUes3DegxJOavHd_NNUcI4-1jAGDlqPjPqxJzfr27t5SZ3KnLtgbVF0VfK2FtVlldTtI-YEIWA=s88-c-k-c0x00ffffff-no-rj,1180000,117
-eDR2D9jY5E,The Most Underrated Hybrid Sports Car,"McLarens ""cheapest"" supercar is also the most complete product they've ever produced. The latest Artura Hybrid Spider is EXCELLENT.

Shot on iPhone 16 Pro Max
Rode Wireless Micro: https://geni.us/FBnQh",2025-01-24T15:00:19Z,,2,en,en,https://i.ytimg.com/vi/-eDR2D9jY5E/default.jpg,https://i.ytimg.com/vi/-eDR2D9jY5E/hqdefault.jpg,PT21M43S,148008,6289,361,public,UC2J-0g_nxlwcD9JBK1eTleQ,Auto Focus,Car videos from MKBHD!,,https://yt3.ggpht.com/hUes3DegxJOavHd_NNUcI4-1jAGDlqPjPqxJzfr27t5SZ3KnLtgbVF0VfK2FtVlldTtI-YEIWA=s88-c-k-c0x00ffffff-no-rj,1180000,117
APqWBtdPCJQ,Can New EV Companies Succeed?,"Ranking electric cars you can't currently buy (and may never be able to).

Shot on iPhone 16 Pro Max
Rode Wireless Micro: https://geni.us/FBnQh",2025-01-15T14:00:10Z,,2,en,en,https://i.ytimg.com/vi/APqWBtdPCJQ/default.jpg,https://i.ytimg.com/vi/APqWBtdPCJQ/hqdefault.jpg,PT17M17S,328804,10979,1995,public,UC2J-0g_nxlwcD9JBK1eTleQ,Auto Focus,Car videos from MKBHD!,,https://yt3.ggpht.com/hUes3DegxJOavHd_NNUcI4-1jAGDlqPjPqxJzfr27t5SZ3KnLtgbVF0VfK2FtVlldTtI-YEIWA=s88-c-k-c0x00ffffff-no-rj,1180000,117
lAhndiYV8vQ,The Assisted-Driving Tier List!,"We test the Assisted-Driving modes from Tesla, Ford, GM, Mercedes and BMW to see where they stack up.

Shot on iPhone 15 & 16 Pro
Hollyland Lark M2 Wireless Microphone: https://geni.us/jfBMTG",2025-01-07T14:00:51Z,,2,en,en,https://i.ytimg.com/vi/lAhndiYV8vQ/default.jpg,https://i.ytimg.com/vi/lAhndiYV8vQ/hqdefault.jpg,PT16M9S,586509,17933,2368,public,UC2J-0g_nxlwcD9JBK1eTleQ,Auto Focus,Car videos from MKBHD!,,https://yt3.ggpht.com/hUes3DegxJOavHd_NNUcI4-1jAGDlqPjPqxJzfr27t5SZ3KnLtgbVF0VfK2FtVlldTtI-YEIWA=s88-c-k-c0x00ffffff-no-rj,1180000,117
tbcAOqpE3g8,A Hot Take on Jaguar's Rebrand,"Shot on iPhone 16 Pro Max
Rode Wireless Micro: https://geni.us/FBnQh",2025-01-02T20:51:25Z,,2,en,en,https://i.ytimg.com/vi/tbcAOqpE3g8/default.jpg,https://i.ytimg.com/vi/tbcAOqpE3g8/hqdefault.jpg,PT8M5S,542720,20262,1919,public,UC2J-0g_nxlwcD9JBK1eTleQ,Auto Focus,Car videos from MKBHD!,,https://yt3.ggpht.com/hUes3DegxJOavHd_NNUcI4-1jAGDlqPjPqxJzfr27t5SZ3KnLtgbVF0VfK2FtVlldTtI-YEIWA=s88-c-k-c0x00ffffff-no-rj,1180000,117
BUcN2w-cBr4,Our Favorite Cars of 2024! | Auto Focus Awards,"Our favorite (and least favorite) cars we've reviewed on Auto Focus this year!

Chapters:
Intro: 0:00
ICE Car of the Year: 00:31
EV of the Year: 3:19
Hybrid of the Year: 6:13
Most Efficient Car: 8:17
Performance Car of the Year: 10:19
Luxury Car of the Year: 13:27
Bust of the Year: 16:59
Most Improved Car Award: 19:08
The MVP: 22:08

Shot on iPhone 16 Pro Max
Rode Wireless Micro: https://geni.us/FBnQh
Moment 1.55x Anamorphic Lens: https://geni.us/rcL4BAe",2024-12-20T00:34:51Z,,2,en,en,https://i.ytimg.com/vi/BUcN2w-cBr4/default.jpg,https://i.ytimg.com/vi/BUcN2w-cBr4/hqdefault.jpg,PT24M34S,343089,14221,1449,public,UC2J-0g_nxlwcD9JBK1eTleQ,Auto Focus,Car videos from MKBHD!,,https://yt3.ggpht.com/hUes3DegxJOavHd_NNUcI4-1jAGDlqPjPqxJzfr27t5SZ3KnLtgbVF0VfK2FtVlldTtI-YEIWA=s88-c-k-c0x00ffffff-no-rj,1180000,117
GzS-xgs5y64,GMC Sierra EV vs Silverado EV - A Justifiable Premium?,"Shot on iPhone 16 Pro Max
Rode Wireless Micro: https://geni.us/FBnQh",2024-11-29T15:30:06Z,,2,en,en,https://i.ytimg.com/vi/GzS-xgs5y64/default.jpg,https://i.ytimg.com/vi/GzS-xgs5y64/hqdefault.jpg,PT1M29S,167955,6246,196,public,UC2J-0g_nxlwcD9JBK1eTleQ,Auto Focus,Car videos from MKBHD!,,https://yt3.ggpht.com/hUes3DegxJOavHd_NNUcI4-1jAGDlqPjPqxJzfr27t5SZ3KnLtgbVF0VfK2FtVlldTtI-YEIWA=s88-c-k-c0x00ffffff-no-rj,1180000,117
E0EY4dxMAxA,The Polestar 3 is Amazing,"The Polestar 3 is shockingly good in areas you wouldn't expect it to be.

Shot on iPhone 16 Pro Max
Rode Wireless Micro: https://geni.us/FBnQh",2024-11-25T15:00:13Z,,2,en,en,https://i.ytimg.com/vi/E0EY4dxMAxA/default.jpg,https://i.ytimg.com/vi/E0EY4dxMAxA/hqdefault.jpg,PT15M50S,1154464,29309,2872,public,UC2J-0g_nxlwcD9JBK1eTleQ,Auto Focus,Car videos from MKBHD!,,https://yt3.ggpht.com/hUes3DegxJOavHd_NNUcI4-1jAGDlqPjPqxJzfr27t5SZ3KnLtgbVF0VfK2FtVlldTtI-YEIWA=s88-c-k-c0x00ffffff-no-rj,1180000,117
luAJ_Rzg-do,Acura ZDX Type-S - It's about the little things,"The Acura ZDX Type-S enters the most competitive vehicle category...

Shot on iPhone 16 Pro Max
Rode Wireless Micro: https://geni.us/FBnQh",2024-11-20T20:47:49Z,,2,en,en,https://i.ytimg.com/vi/luAJ_Rzg-do/default.jpg,https://i.ytimg.com/vi/luAJ_Rzg-do/hqdefault.jpg,PT10M22S,362168,12110,1415,public,UC2J-0g_nxlwcD9JBK1eTleQ,Auto Focus,Car videos from MKBHD!,,https://yt3.ggpht.com/hUes3DegxJOavHd_NNUcI4-1jAGDlqPjPqxJzfr27t5SZ3KnLtgbVF0VfK2FtVlldTtI-YEIWA=s88-c-k-c0x00ffffff-no-rj,1180000,117
vMowPNqMPac,The Best EV You Can't Buy,"The Li Auto MEGA has 500kW Charging, 500 Horsepower, and 500 Luxury-level qualities.

Shot on iPhone 16 Pro Max
Rode Wireless Micro: https://geni.us/FBnQh",2024-11-18T22:03:38Z,,2,en,en,https://i.ytimg.com/vi/vMowPNqMPac/default.jpg,https://i.ytimg.com/vi/vMowPNqMPac/hqdefault.jpg,PT16M3S,1613804,45319,6335,public,UC2J-0g_nxlwcD9JBK1eTleQ,Auto Focus,Car videos from MKBHD!,,https://yt3.ggpht.com/hUes3DegxJOavHd_NNUcI4-1jAGDlqPjPqxJzfr27t5SZ3KnLtgbVF0VfK2FtVlldTtI-YEIWA=s88-c-k-c0x00ffffff-no-rj,1180000,117
5p-OpWAeXes,Have They Actually Ruined the New BMW M5?,"The new BMW M5 brings hybrid tech and 1000 extra pounds into the mix.

Shot on iPhone 16 Pro Max
Rode Wireless Micro: https://geni.us/FBnQh",2024-11-15T12:30:04Z,,2,en,en,https://i.ytimg.com/vi/5p-OpWAeXes/default.jpg,https://i.ytimg.com/vi/5p-OpWAeXes/hqdefault.jpg,PT15M48S,188129,6835,717,public,UC2J-0g_nxlwcD9JBK1eTleQ,Auto Focus,Car videos from MKBHD!,,https://yt3.ggpht.com/hUes3DegxJOavHd_NNUcI4-1jAGDlqPjPqxJzfr27t5SZ3KnLtgbVF0VfK2FtVlldTtI-YEIWA=s88-c-k-c0x00ffffff-no-rj,1180000,117
JdsrQJCZM6k,This EV is Sacrilegious..,"The Best Electric Car Porsche's Never Made
https://sacrilegemotors.com/

Shot on iPhone 16 Pro Max
Rode Wireless Micro: https://geni.us/FBnQh",2024-11-11T22:26:38Z,,2,en,en,https://i.ytimg.com/vi/JdsrQJCZM6k/default.jpg,https://i.ytimg.com/vi/JdsrQJCZM6k/hqdefault.jpg,PT18M16S,898603,29522,1695,public,UC2J-0g_nxlwcD9JBK1eTleQ,Auto Focus,Car videos from MKBHD!,,https://yt3.ggpht.com/hUes3DegxJOavHd_NNUcI4-1jAGDlqPjPqxJzfr27t5SZ3KnLtgbVF0VfK2FtVlldTtI-YEIWA=s88-c-k-c0x00ffffff-no-rj,1180000,117
XrTlhSedoNw,Lucid Air Pure: The Real Tesla Fighter!,"The Cheapest Lucid Air might make you reconsider a Model S..

Shot on iPhone 16 Pro Max
Hollyland Lark M2 Wireless Microphone: https://geni.us/jfBMTG",2024-10-21T19:33:46Z,,2,en,en,https://i.ytimg.com/vi/XrTlhSedoNw/default.jpg,https://i.ytimg.com/vi/XrTlhSedoNw/hqdefault.jpg,PT13M50S,1019853,29277,2609,public,UC2J-0g_nxlwcD9JBK1eTleQ,Auto Focus,Car videos from MKBHD!,,https://yt3.ggpht.com/hUes3DegxJOavHd_NNUcI4-1jAGDlqPjPqxJzfr27t5SZ3KnLtgbVF0VfK2FtVlldTtI-YEIWA=s88-c-k-c0x00ffffff-no-rj,1180000,117
qaTuYmX2tGU,The Hybrid Lexus: Please Try Again.,"The Lexus LC500h could be for no one and everyone at the same time.

Shot on iPhone 16 Pro Max
Hollyland Lark M2 Wireless Microphone: https://geni.us/jfBMTG",2024-10-18T20:49:13Z,,2,en,en,https://i.ytimg.com/vi/qaTuYmX2tGU/default.jpg,https://i.ytimg.com/vi/qaTuYmX2tGU/hqdefault.jpg,PT20M7S,219626,7486,651,public,UC2J-0g_nxlwcD9JBK1eTleQ,Auto Focus,Car videos from MKBHD!,,https://yt3.ggpht.com/hUes3DegxJOavHd_NNUcI4-1jAGDlqPjPqxJzfr27t5SZ3KnLtgbVF0VfK2FtVlldTtI-YEIWA=s88-c-k-c0x00ffffff-no-rj,1180000,117
ypLwacbff3s,Tesla Robotaxi Ride-Along (Unedited),"Riding along in the Tesla Robotaxi at the unveiling event. Shot on Phone 16 Pro

Full video coming soon",2024-10-11T06:31:20Z,,2,en,en,https://i.ytimg.com/vi/ypLwacbff3s/default.jpg,https://i.ytimg.com/vi/ypLwacbff3s/hqdefault.jpg,PT3M33S,977934,17422,2417,public,UC2J-0g_nxlwcD9JBK1eTleQ,Auto Focus,Car videos from MKBHD!,,https://yt3.ggpht.com/hUes3DegxJOavHd_NNUcI4-1jAGDlqPjPqxJzfr27t5SZ3KnLtgbVF0VfK2FtVlldTtI-YEIWA=s88-c-k-c0x00ffffff-no-rj,1180000,117
kE_oiVagY6s,Mercedes AMG GT63s E-Performance - Hybrid Panamera Killer?,"The new GT63 brings Crazy Hybrid Power to forefront!

Shot on iPhone 16 Pro
Hollyland Lark M2 Wireless Microphone: https://geni.us/jfBMTG",2024-10-10T21:25:25Z,,2,en,en,https://i.ytimg.com/vi/kE_oiVagY6s/default.jpg,https://i.ytimg.com/vi/kE_oiVagY6s/hqdefault.jpg,PT20M32S,355293,11625,642,public,UC2J-0g_nxlwcD9JBK1eTleQ,Auto Focus,Car videos from MKBHD!,,https://yt3.ggpht.com/hUes3DegxJOavHd_NNUcI4-1jAGDlqPjPqxJzfr27t5SZ3KnLtgbVF0VfK2FtVlldTtI-YEIWA=s88-c-k-c0x00ffffff-no-rj,1180000,117
9cE2yRbd2oA,The Silverado EV Has The Longest Range I've Ever Seen,"The Chevy Silverado EV has 450+ Miles of Range and ALL the Truck Features.

Shot on iPhone 16 Pro Max
Hollyland Lark M2 Wireless Microphone: https://geni.us/jfBMTG",2024-09-23T23:03:47Z,,2,en,en,https://i.ytimg.com/vi/9cE2yRbd2oA/default.jpg,https://i.ytimg.com/vi/9cE2yRbd2oA/hqdefault.jpg,PT12M50S,1000339,33713,2917,public,UC2J-0g_nxlwcD9JBK1eTleQ,Auto Focus,Car videos from MKBHD!,,https://yt3.ggpht.com/hUes3DegxJOavHd_NNUcI4-1jAGDlqPjPqxJzfr27t5SZ3KnLtgbVF0VfK2FtVlldTtI-YEIWA=s88-c-k-c0x00ffffff-no-rj,1180000,117
q6BNg_kZ6Jc,The Most In Disguise EV...,"Shot on Pixel 9 Pro
Hollyland Lark M2 Wireless Microphone: https://geni.us/jfBMTG",2024-08-29T14:04:03Z,,2,en,en,https://i.ytimg.com/vi/q6BNg_kZ6Jc/default.jpg,https://i.ytimg.com/vi/q6BNg_kZ6Jc/hqdefault.jpg,PT11M14S,577306,19817,1063,public,UC2J-0g_nxlwcD9JBK1eTleQ,Auto Focus,Car videos from MKBHD!,,https://yt3.ggpht.com/hUes3DegxJOavHd_NNUcI4-1jAGDlqPjPqxJzfr27t5SZ3KnLtgbVF0VfK2FtVlldTtI-YEIWA=s88-c-k-c0x00ffffff-no-rj,1180000,117
