video_id,reason
2XWGxVuOwJQ,unknown_error
t6xLo1XYZZs,unknown_error
7Tg2mCKP6tY,unknown_error
Nh4I1hMvubU,unknown_error
UFJQV5Jb0pY,unknown_error
0Y3ekwHfq5g,unknown_error
7IaHRXC_U_U,unknown_error
3V78r1y2EHs,unknown_error
7L2cSifRrLk,unknown_error
oyv-eJRRozs,unknown_error
a9Xt3cl99LM,unknown_error
hX6lzkQBmhc,unknown_error
iBRwcnTUthc,unknown_error
2XWGxVuOwJQ,unknown_error
t6xLo1XYZZs,unknown_error
7Tg2mCKP6tY,unknown_error
Nh4I1hMvubU,unknown_error
UFJQV5Jb0pY,unknown_error
2XWGxVuOwJQ,unknown_error
2XWGxVuOwJQ,unknown_error
t6xLo1XYZZs,unknown_error
7Tg2mCKP6tY,unknown_error
Nh4I1hMvubU,unknown_error
UFJQV5Jb0pY,unknown_error
0Y3ekwHfq5g,unknown_error
7IaHRXC_U_U,unknown_error
3V78r1y2EHs,unknown_error
7L2cSifRrLk,unknown_error
oyv-eJRRozs,unknown_error
a9Xt3cl99LM,unknown_error
hX6lzkQBmhc,unknown_error
iBRwcnTUthc,unknown_error
xtwJfk94CP8,unknown_error
Dj8EjBQJD84,unknown_error
2XWGxVuOwJQ,unknown_error
t6xLo1XYZZs,unknown_error
2XWGxVuOwJQ,unknown_error
2XWGxVuOwJQ,unknown_error
t6xLo1XYZZs,unknown_error
7Tg2mCKP6tY,unknown_error
Nh4I1hMvubU,unknown_error
UFJQV5Jb0pY,unknown_error
0Y3ekwHfq5g,unknown_error
7IaHRXC_U_U,unknown_error
3V78r1y2EHs,unknown_error
7L2cSifRrLk,unknown_error
oyv-eJRRozs,unknown_error
a9Xt3cl99LM,unknown_error
hX6lzkQBmhc,unknown_error
iBRwcnTUthc,unknown_error
xtwJfk94CP8,unknown_error
Dj8EjBQJD84,unknown_error
-zwgHBrGxtk,unknown_error
OwTGMhxL22o,unknown_error
0QIbyjF5FRw,unknown_error
c7wCbbmLtiI,unknown_error
1O2LWteKuRc,unknown_error
GYw7BrIhWtg,unknown_error
AVAC6WnBSTY,unknown_error
icqSBkFJNGU,unknown_error
VyF8SOSP2YM,unknown_error
IIJwt3zO4fw,unknown_error
9Gmncfkeh7E,unknown_error
